--
-- PostgreSQL database dump
--

-- Dumped from database version 12.17 (Ubuntu 12.17-1.pgdg22.04+1)
-- Dumped by pg_dump version 12.17 (Ubuntu 12.17-1.pgdg22.04+1)

SET statement_timeout = 0;
SET lock_timeout = 0;
SET idle_in_transaction_session_timeout = 0;
SET client_encoding = 'UTF8';
SET standard_conforming_strings = on;
SELECT pg_catalog.set_config('search_path', '', false);
SET check_function_bodies = false;
SET xmloption = content;
SET client_min_messages = warning;
SET row_security = off;

DROP DATABASE universe;
--
-- Name: universe; Type: DATABASE; Schema: -; Owner: freecodecamp
--

CREATE DATABASE universe WITH TEMPLATE = template0 ENCODING = 'UTF8' LC_COLLATE = 'C.UTF-8' LC_CTYPE = 'C.UTF-8';


ALTER DATABASE universe OWNER TO freecodecamp;

\connect universe

SET statement_timeout = 0;
SET lock_timeout = 0;
SET idle_in_transaction_session_timeout = 0;
SET client_encoding = 'UTF8';
SET standard_conforming_strings = on;
SELECT pg_catalog.set_config('search_path', '', false);
SET check_function_bodies = false;
SET xmloption = content;
SET client_min_messages = warning;
SET row_security = off;

SET default_tablespace = '';

SET default_table_access_method = heap;

--
-- Name: galaxy; Type: TABLE; Schema: public; Owner: freecodecamp
--

CREATE TABLE public.galaxy (
    galaxy_id integer NOT NULL,
    name character varying(255) NOT NULL,
    age numeric NOT NULL,
    distance_from_earth integer NOT NULL,
    has_supermassive_black_hole boolean NOT NULL
);


ALTER TABLE public.galaxy OWNER TO freecodecamp;

--
-- Name: galaxy_galaxy_id_seq; Type: SEQUENCE; Schema: public; Owner: freecodecamp
--

CREATE SEQUENCE public.galaxy_galaxy_id_seq
    AS integer
    START WITH 1
    INCREMENT BY 1
    NO MINVALUE
    NO MAXVALUE
    CACHE 1;


ALTER TABLE public.galaxy_galaxy_id_seq OWNER TO freecodecamp;

--
-- Name: galaxy_galaxy_id_seq; Type: SEQUENCE OWNED BY; Schema: public; Owner: freecodecamp
--

ALTER SEQUENCE public.galaxy_galaxy_id_seq OWNED BY public.galaxy.galaxy_id;


--
-- Name: moon; Type: TABLE; Schema: public; Owner: freecodecamp
--

CREATE TABLE public.moon (
    moon_id integer NOT NULL,
    name character varying(255) NOT NULL,
    planet_id integer,
    radius integer NOT NULL,
    distance_from_planet integer NOT NULL,
    has_water boolean NOT NULL
);


ALTER TABLE public.moon OWNER TO freecodecamp;

--
-- Name: moon_moon_id_seq; Type: SEQUENCE; Schema: public; Owner: freecodecamp
--

CREATE SEQUENCE public.moon_moon_id_seq
    AS integer
    START WITH 1
    INCREMENT BY 1
    NO MINVALUE
    NO MAXVALUE
    CACHE 1;


ALTER TABLE public.moon_moon_id_seq OWNER TO freecodecamp;

--
-- Name: moon_moon_id_seq; Type: SEQUENCE OWNED BY; Schema: public; Owner: freecodecamp
--

ALTER SEQUENCE public.moon_moon_id_seq OWNED BY public.moon.moon_id;


--
-- Name: planet; Type: TABLE; Schema: public; Owner: freecodecamp
--

CREATE TABLE public.planet (
    planet_id integer NOT NULL,
    name character varying(255) NOT NULL,
    star_id integer,
    radius integer NOT NULL,
    mass integer NOT NULL,
    has_atmosphere boolean NOT NULL
);


ALTER TABLE public.planet OWNER TO freecodecamp;

--
-- Name: planet_planet_id_seq; Type: SEQUENCE; Schema: public; Owner: freecodecamp
--

CREATE SEQUENCE public.planet_planet_id_seq
    AS integer
    START WITH 1
    INCREMENT BY 1
    NO MINVALUE
    NO MAXVALUE
    CACHE 1;


ALTER TABLE public.planet_planet_id_seq OWNER TO freecodecamp;

--
-- Name: planet_planet_id_seq; Type: SEQUENCE OWNED BY; Schema: public; Owner: freecodecamp
--

ALTER SEQUENCE public.planet_planet_id_seq OWNED BY public.planet.planet_id;


--
-- Name: spacecraft; Type: TABLE; Schema: public; Owner: freecodecamp
--

CREATE TABLE public.spacecraft (
    spacecraft_id integer NOT NULL,
    name character varying(255) NOT NULL,
    mission text NOT NULL,
    launch_year integer NOT NULL,
    is_operational boolean NOT NULL
);


ALTER TABLE public.spacecraft OWNER TO freecodecamp;

--
-- Name: spacecraft_spacecraft_id_seq; Type: SEQUENCE; Schema: public; Owner: freecodecamp
--

CREATE SEQUENCE public.spacecraft_spacecraft_id_seq
    AS integer
    START WITH 1
    INCREMENT BY 1
    NO MINVALUE
    NO MAXVALUE
    CACHE 1;


ALTER TABLE public.spacecraft_spacecraft_id_seq OWNER TO freecodecamp;

--
-- Name: spacecraft_spacecraft_id_seq; Type: SEQUENCE OWNED BY; Schema: public; Owner: freecodecamp
--

ALTER SEQUENCE public.spacecraft_spacecraft_id_seq OWNED BY public.spacecraft.spacecraft_id;


--
-- Name: star; Type: TABLE; Schema: public; Owner: freecodecamp
--

CREATE TABLE public.star (
    star_id integer NOT NULL,
    name character varying(255) NOT NULL,
    galaxy_id integer,
    mass numeric NOT NULL,
    luminosity integer NOT NULL,
    is_main_sequence boolean NOT NULL
);


ALTER TABLE public.star OWNER TO freecodecamp;

--
-- Name: star_star_id_seq; Type: SEQUENCE; Schema: public; Owner: freecodecamp
--

CREATE SEQUENCE public.star_star_id_seq
    AS integer
    START WITH 1
    INCREMENT BY 1
    NO MINVALUE
    NO MAXVALUE
    CACHE 1;


ALTER TABLE public.star_star_id_seq OWNER TO freecodecamp;

--
-- Name: star_star_id_seq; Type: SEQUENCE OWNED BY; Schema: public; Owner: freecodecamp
--

ALTER SEQUENCE public.star_star_id_seq OWNED BY public.star.star_id;


--
-- Name: galaxy galaxy_id; Type: DEFAULT; Schema: public; Owner: freecodecamp
--

ALTER TABLE ONLY public.galaxy ALTER COLUMN galaxy_id SET DEFAULT nextval('public.galaxy_galaxy_id_seq'::regclass);


--
-- Name: moon moon_id; Type: DEFAULT; Schema: public; Owner: freecodecamp
--

ALTER TABLE ONLY public.moon ALTER COLUMN moon_id SET DEFAULT nextval('public.moon_moon_id_seq'::regclass);


--
-- Name: planet planet_id; Type: DEFAULT; Schema: public; Owner: freecodecamp
--

ALTER TABLE ONLY public.planet ALTER COLUMN planet_id SET DEFAULT nextval('public.planet_planet_id_seq'::regclass);


--
-- Name: spacecraft spacecraft_id; Type: DEFAULT; Schema: public; Owner: freecodecamp
--

ALTER TABLE ONLY public.spacecraft ALTER COLUMN spacecraft_id SET DEFAULT nextval('public.spacecraft_spacecraft_id_seq'::regclass);


--
-- Name: star star_id; Type: DEFAULT; Schema: public; Owner: freecodecamp
--

ALTER TABLE ONLY public.star ALTER COLUMN star_id SET DEFAULT nextval('public.star_star_id_seq'::regclass);


--
-- Data for Name: galaxy; Type: TABLE DATA; Schema: public; Owner: freecodecamp
--

INSERT INTO public.galaxy VALUES (1, 'Milky Way', 13.51, 0, true);
INSERT INTO public.galaxy VALUES (2, 'Andromeda', 10.0, 2537000, true);
INSERT INTO public.galaxy VALUES (3, 'Triangulum', 12.0, 3000000, false);
INSERT INTO public.galaxy VALUES (4, 'Whirlpool', 11.0, 23000000, true);
INSERT INTO public.galaxy VALUES (5, 'Sombrero', 9.0, 29000000, true);
INSERT INTO public.galaxy VALUES (6, 'Sculptor', 13.0, 11400000, false);


--
-- Data for Name: moon; Type: TABLE DATA; Schema: public; Owner: freecodecamp
--

INSERT INTO public.moon VALUES (1, 'Moon', 1, 1737, 384400, false);
INSERT INTO public.moon VALUES (2, 'Phobos', 2, 11, 9377, false);
INSERT INTO public.moon VALUES (3, 'Deimos', 2, 6, 23460, false);
INSERT INTO public.moon VALUES (4, 'Io', 3, 1821, 421700, false);
INSERT INTO public.moon VALUES (5, 'Europa', 3, 1560, 671034, true);
INSERT INTO public.moon VALUES (6, 'Ganymede', 3, 2634, 1070400, true);
INSERT INTO public.moon VALUES (7, 'Callisto', 3, 2410, 1882700, true);
INSERT INTO public.moon VALUES (8, 'Titan', 4, 2575, 1221870, true);
INSERT INTO public.moon VALUES (9, 'Enceladus', 4, 252, 237948, true);
INSERT INTO public.moon VALUES (10, 'Proxima b I', 5, 1500, 20000, false);
INSERT INTO public.moon VALUES (11, 'Alpha Centauri Bb I', 6, 1600, 30000, false);
INSERT INTO public.moon VALUES (12, 'Alpha Centauri Bc I', 7, 1700, 40000, false);
INSERT INTO public.moon VALUES (13, 'Betelgeuse I I', 8, 2500, 100000, false);
INSERT INTO public.moon VALUES (14, 'Betelgeuse II I', 9, 2600, 120000, false);
INSERT INTO public.moon VALUES (15, 'Sirius A I I', 10, 2400, 110000, false);
INSERT INTO public.moon VALUES (16, 'Sirius A II I', 11, 2200, 130000, false);
INSERT INTO public.moon VALUES (17, 'Sirius B I I', 12, 2300, 90000, false);
INSERT INTO public.moon VALUES (18, 'Sirius B I II', 12, 2100, 95000, false);
INSERT INTO public.moon VALUES (19, 'Sirius B I III', 12, 2000, 97000, false);
INSERT INTO public.moon VALUES (20, 'Sirius B I IV', 12, 1900, 98000, false);


--
-- Data for Name: planet; Type: TABLE DATA; Schema: public; Owner: freecodecamp
--

INSERT INTO public.planet VALUES (1, 'Earth', 1, 6371, 1, true);
INSERT INTO public.planet VALUES (2, 'Mars', 1, 3389, 0, true);
INSERT INTO public.planet VALUES (3, 'Jupiter', 1, 69911, 318, true);
INSERT INTO public.planet VALUES (4, 'Saturn', 1, 58232, 95, true);
INSERT INTO public.planet VALUES (5, 'Proxima b', 2, 7141, 1, false);
INSERT INTO public.planet VALUES (6, 'Alpha Centauri Bb', 3, 7152, 1, false);
INSERT INTO public.planet VALUES (7, 'Alpha Centauri Bc', 4, 7263, 1, false);
INSERT INTO public.planet VALUES (8, 'Betelgeuse I', 5, 60200, 10, true);
INSERT INTO public.planet VALUES (9, 'Betelgeuse II', 5, 64000, 12, true);
INSERT INTO public.planet VALUES (10, 'Sirius A I', 6, 50000, 14, true);
INSERT INTO public.planet VALUES (11, 'Sirius A II', 6, 51000, 16, true);
INSERT INTO public.planet VALUES (12, 'Sirius B I', 6, 48000, 8, true);


--
-- Data for Name: spacecraft; Type: TABLE DATA; Schema: public; Owner: freecodecamp
--

INSERT INTO public.spacecraft VALUES (1, 'Voyager 1', 'Interstellar Mission', 1977, true);
INSERT INTO public.spacecraft VALUES (2, 'Voyager 2', 'Interstellar Mission', 1977, true);
INSERT INTO public.spacecraft VALUES (3, 'New Horizons', 'Pluto and Kuiper Belt', 2006, true);


--
-- Data for Name: star; Type: TABLE DATA; Schema: public; Owner: freecodecamp
--

INSERT INTO public.star VALUES (1, 'Sun', 1, 1.0, 1, true);
INSERT INTO public.star VALUES (2, 'Proxima Centauri', 2, 0.12, 0, true);
INSERT INTO public.star VALUES (3, 'Alpha Centauri A', 2, 1.1, 2, true);
INSERT INTO public.star VALUES (4, 'Alpha Centauri B', 2, 0.907, 0, true);
INSERT INTO public.star VALUES (5, 'Betelgeuse', 1, 18.0, 126000, false);
INSERT INTO public.star VALUES (6, 'Sirius', 1, 2.1, 25, true);


--
-- Name: galaxy_galaxy_id_seq; Type: SEQUENCE SET; Schema: public; Owner: freecodecamp
--

SELECT pg_catalog.setval('public.galaxy_galaxy_id_seq', 6, true);


--
-- Name: moon_moon_id_seq; Type: SEQUENCE SET; Schema: public; Owner: freecodecamp
--

SELECT pg_catalog.setval('public.moon_moon_id_seq', 20, true);


--
-- Name: planet_planet_id_seq; Type: SEQUENCE SET; Schema: public; Owner: freecodecamp
--

SELECT pg_catalog.setval('public.planet_planet_id_seq', 12, true);


--
-- Name: spacecraft_spacecraft_id_seq; Type: SEQUENCE SET; Schema: public; Owner: freecodecamp
--

SELECT pg_catalog.setval('public.spacecraft_spacecraft_id_seq', 3, true);


--
-- Name: star_star_id_seq; Type: SEQUENCE SET; Schema: public; Owner: freecodecamp
--

SELECT pg_catalog.setval('public.star_star_id_seq', 6, true);


--
-- Name: galaxy galaxy_name_key; Type: CONSTRAINT; Schema: public; Owner: freecodecamp
--

ALTER TABLE ONLY public.galaxy
    ADD CONSTRAINT galaxy_name_key UNIQUE (name);


--
-- Name: galaxy galaxy_pkey; Type: CONSTRAINT; Schema: public; Owner: freecodecamp
--

ALTER TABLE ONLY public.galaxy
    ADD CONSTRAINT galaxy_pkey PRIMARY KEY (galaxy_id);


--
-- Name: moon moon_name_key; Type: CONSTRAINT; Schema: public; Owner: freecodecamp
--

ALTER TABLE ONLY public.moon
    ADD CONSTRAINT moon_name_key UNIQUE (name);


--
-- Name: moon moon_pkey; Type: CONSTRAINT; Schema: public; Owner: freecodecamp
--

ALTER TABLE ONLY public.moon
    ADD CONSTRAINT moon_pkey PRIMARY KEY (moon_id);


--
-- Name: planet planet_name_key; Type: CONSTRAINT; Schema: public; Owner: freecodecamp
--

ALTER TABLE ONLY public.planet
    ADD CONSTRAINT planet_name_key UNIQUE (name);


--
-- Name: planet planet_pkey; Type: CONSTRAINT; Schema: public; Owner: freecodecamp
--

ALTER TABLE ONLY public.planet
    ADD CONSTRAINT planet_pkey PRIMARY KEY (planet_id);


--
-- Name: spacecraft spacecraft_name_key; Type: CONSTRAINT; Schema: public; Owner: freecodecamp
--

ALTER TABLE ONLY public.spacecraft
    ADD CONSTRAINT spacecraft_name_key UNIQUE (name);


--
-- Name: spacecraft spacecraft_pkey; Type: CONSTRAINT; Schema: public; Owner: freecodecamp
--

ALTER TABLE ONLY public.spacecraft
    ADD CONSTRAINT spacecraft_pkey PRIMARY KEY (spacecraft_id);


--
-- Name: star star_name_key; Type: CONSTRAINT; Schema: public; Owner: freecodecamp
--

ALTER TABLE ONLY public.star
    ADD CONSTRAINT star_name_key UNIQUE (name);


--
-- Name: star star_pkey; Type: CONSTRAINT; Schema: public; Owner: freecodecamp
--

ALTER TABLE ONLY public.star
    ADD CONSTRAINT star_pkey PRIMARY KEY (star_id);


--
-- Name: moon moon_planet_id_fkey; Type: FK CONSTRAINT; Schema: public; Owner: freecodecamp
--

ALTER TABLE ONLY public.moon
    ADD CONSTRAINT moon_planet_id_fkey FOREIGN KEY (planet_id) REFERENCES public.planet(planet_id);


--
-- Name: planet planet_star_id_fkey; Type: FK CONSTRAINT; Schema: public; Owner: freecodecamp
--

ALTER TABLE ONLY public.planet
    ADD CONSTRAINT planet_star_id_fkey FOREIGN KEY (star_id) REFERENCES public.star(star_id);


--
-- Name: star star_galaxy_id_fkey; Type: FK CONSTRAINT; Schema: public; Owner: freecodecamp
--

ALTER TABLE ONLY public.star
    ADD CONSTRAINT star_galaxy_id_fkey FOREIGN KEY (galaxy_id) REFERENCES public.galaxy(galaxy_id);


--
-- PostgreSQL database dump complete
--

